Wall time,Step,Value
1712901068.0760665,1,0.1839488297700882
1712901512.4015796,50,0.646277129650116
1712901960.988744,100,0.7154545187950134
1712902400.1261618,150,0.7487862706184387
1712902844.6735046,200,0.7853692770004272
1712903284.0591486,250,0.7897319793701172
1712903721.354107,300,0.7873409390449524
1712904162.9056394,350,0.8029775619506836
1712904594.529287,400,0.7991282939910889
1712905030.5512774,450,0.8036654591560364
1712905464.2045727,500,0.8086214065551758
